run_id,scenario,robot_id,timestamp,success,failure_reason,elapsed_sec,min_ped_clearance_m,min_robot_clearance_m,path_dev_mean_m,path_dev_max_m,avg_solver_ms,max_solver_ms,avg_v_mps,avg_abs_w_rps,v_jerk_std,w_jerk_std
0,S1,0,2026-05-12 18:06:46,0,timeout,120.2,0.982,-1,0.758,1.758,3.38,101.63,0.555,0.563,0.031,0.1692
0,S1,0,2026-05-12 18:37:10,0,timeout,120.0,0.988,-1,1.04,1.793,8.86,115.42,0.54,0.592,0.0309,0.0842
0,ST_MPC_filter,0,2026-05-14 17:35:19,0,timeout,480.19,1.025,-1,1.602,2.624,7.16,103.82,0.177,0.672,0.0293,0.1799
0,ST_MPC_filter,0,2026-05-14 17:56:41,0,timeout,480.01,0.981,-1,1.746,2.677,6.79,102.54,0.186,0.693,0.0292,0.131
0,ST_MPC_filter,0,2026-05-14 18:34:37,0,timeout,480.09,0.946,-1,1.663,2.531,6.07,102.35,0.18,0.658,0.028,0.1996
0,ST_MPC_filter,0,2026-05-15 15:36:58,0,timeout,480.01,1.025,-1,1.692,2.816,6.77,103.21,0.181,0.657,0.029,0.2049
1,ST_MPC_filter,0,2026-05-15 15:44:58,0,timeout,480.19,2.414,-1,3.012,3.248,11.53,102.75,0.018,0.734,0.0207,0.119
2,ST_MPC_filter,0,2026-05-15 15:52:58,0,timeout,480.02,2.721,-1,3.62,3.776,10.91,102.33,0.014,0.731,0.0184,0.1312
3,ST_MPC_filter,0,2026-05-15 16:00:58,0,timeout,480.02,2.789,-1,4.135,4.246,12.44,105.28,0.021,0.734,0.0208,0.1203
4,ST_MPC_filter,0,2026-05-15 16:08:59,0,timeout,480.19,2.674,-1,4.228,4.326,11.99,105.02,0.013,0.731,0.0188,0.1299
0,ST_MPC_filter,0,2026-05-15 16:26:15,0,ped_too_close,49.2,0.187,-1,0.228,0.891,4.4,100.87,1.273,0.351,0.0654,0.0637
0,ST_MPC_filter,0,2026-05-15 16:27:43,0,ped_too_close,47.83,0.275,-1,0.205,0.773,4.39,101.27,1.299,0.337,0.0609,0.0644
1,ST_MPC_filter,0,2026-05-15 16:37:54,0,timeout,480.01,1.702,-1,0.974,1.389,9.24,104.8,0.027,0.734,0.0217,0.1145
0,ST_MPC_filter,0,2026-05-15 16:47:32,0,ped_too_close,50.3,0.292,-1,0.269,1.066,4.56,105.41,1.262,0.365,0.0654,0.0638
1,ST_MPC_filter,0,2026-05-15 16:57:41,0,timeout,480.01,1.914,-1,1.156,1.83,11.37,133.96,0.044,0.736,0.023,0.1098
2,ST_MPC_filter,0,2026-05-15 17:05:41,0,timeout,480.2,1.776,-1,1.618,2.0,8.69,100.94,0.025,0.733,0.0187,0.123
0,ST_MPC_filter,0,2026-05-15 17:17:17,0,ped_too_close,111.94,0.024,-1,0.627,1.062,2.27,100.94,0.85,0.578,0.0436,0.048
0,ST_MPC_filter,0,2026-05-15 17:21:09,0,ped_too_close,52.54,0.241,-1,0.317,1.248,3.77,100.17,1.225,0.381,0.066,0.0623
0,ST_MPC_filter,0,2026-05-15 17:24:51,1,,48.14,0.334,-1,0.219,0.849,5.23,102.79,1.296,0.344,0.0613,0.0648
0,ST_MPC_filter,0,2026-05-15 17:27:45,1,,53.54,0.377,-1,0.374,1.407,3.87,91.18,1.208,0.395,0.0643,0.0625
0,ST_MPC_filter,0,2026-05-15 17:42:29,1,,52.4,0.633,-1,0.392,1.564,3.11,95.69,1.265,0.41,0.0575,0.0654
0,ST_MPC_filter,0,2026-05-17 11:23:47,1,,51.28,0.673,-1,0.352,1.415,4.08,101.6,1.275,0.4,0.0541,0.0669
0,ST_MPC_filter,0,2026-05-17 11:38:45,1,,77.79,0.451,-1,0.763,1.632,11.5,104.72,0.897,0.511,0.0559,0.0348
0,ST_MPC_filter,0,2026-05-17 14:20:15,1,,52.39,0.666,-1,0.382,1.523,3.6,102.9,1.259,0.409,0.0556,0.0658
1,ST_MPC_filter,0,2026-05-17 14:22:03,1,,79.98,0.564,-1,0.721,1.55,11.9,105.06,0.943,0.509,0.0515,0.0484
0,ST_MPC_filter,0,2026-05-17 14:22:03,1,,79.99,0.564,-1,0.721,1.551,9.84,106.56,0.89,0.51,0.0528,0.0339
0,ST_MPC_filter,0,2026-05-17 14:36:35,1,,52.05,0.689,-1,0.371,1.478,3.51,95.34,1.264,0.407,0.0555,0.0659
1,ST_MPC_filter,0,2026-05-17 14:46:38,0,timeout,480.0,1.641,-1,1.251,1.96,10.5,102.97,0.049,0.735,0.0256,0.1176
0,ST_MPC_filter,0,2026-05-17 15:17:58,1,,50.89,0.666,-1,0.34,1.377,3.66,101.46,1.279,0.397,0.0558,0.0672
1,ST_MPC_filter,0,2026-05-17 15:22:00,0,timeout,120.2,2.402,-1,0.866,1.267,4.17,102.38,0.07,0.737,0.0247,0.11
2,ST_MPC_filter,0,2026-05-17 15:25:44,0,timeout,120.0,2.145,-1,1.371,1.697,11.66,107.47,0.058,0.731,0.0285,0.1325
3,ST_MPC_filter,0,2026-05-17 15:27:44,0,timeout,120.04,1.728,-1,1.423,1.92,10.72,102.17,0.051,0.737,0.0262,0.1102
4,ST_MPC_filter,0,2026-05-17 15:29:44,0,timeout,120.17,3.463,-1,1.661,1.903,8.0,73.49,0.025,0.732,0.0173,0.1272
5,ST_MPC_filter,0,2026-05-17 15:31:45,0,timeout,120.28,2.004,-1,1.83,2.274,9.92,100.99,0.07,0.732,0.0295,0.1272
6,ST_MPC_filter,0,2026-05-17 15:33:45,0,timeout,120.08,3.778,-1,2.029,2.037,9.62,101.47,0.002,0.735,0.0105,0.1162
7,ST_MPC_filter,0,2026-05-17 15:35:45,0,timeout,120.19,2.131,-1,2.192,2.4,9.98,101.18,0.041,0.737,0.0285,0.1101
8,ST_MPC_filter,0,2026-05-17 15:37:46,0,timeout,120.01,3.989,-1,2.285,2.292,11.43,101.49,0.001,0.729,0.0082,0.1375
9,ST_MPC_filter,0,2026-05-17 15:39:46,0,timeout,120.2,2.213,-1,2.511,2.634,9.29,100.86,0.035,0.735,0.0276,0.1161
10,ST_MPC_filter,0,2026-05-17 15:41:46,0,timeout,120.0,3.209,-1,2.591,2.6,8.79,88.63,0.003,0.731,0.0133,0.1325
11,ST_MPC_filter,0,2026-05-17 15:43:47,0,timeout,120.07,2.359,-1,2.771,2.803,10.32,105.11,0.019,0.737,0.0266,0.1102
12,ST_MPC_filter,0,2026-05-17 15:45:47,0,timeout,120.16,2.431,-1,2.797,2.885,11.16,103.28,0.007,0.734,0.0183,0.1217
13,ST_MPC_filter,0,2026-05-17 15:47:47,0,timeout,120.03,3.786,-1,2.879,2.886,11.67,102.46,0.003,0.737,0.014,0.1102
14,ST_MPC_filter,0,2026-05-17 15:49:47,0,timeout,120.0,8.973,-1,2.878,2.89,7.57,101.19,0.0,0.746,0.0022,0.0636
15,ST_MPC_filter,0,2026-05-17 15:51:48,0,timeout,120.2,9.019,-1,2.875,2.875,5.18,16.18,0.0,0.75,0.0,0.0
16,ST_MPC_filter,0,2026-05-17 15:53:48,0,timeout,120.2,9.019,-1,2.875,2.875,5.17,16.76,0.0,0.75,0.0,0.0
17,ST_MPC_filter,0,2026-05-17 15:55:48,0,timeout,120.19,6.825,-1,2.676,2.875,5.08,22.01,0.047,0.746,0.0248,0.0393
18,ST_MPC_filter,0,2026-05-17 15:57:49,0,timeout,120.0,6.518,-1,0.176,0.96,0.65,8.61,1.493,0.216,0.0181,0.0094
19,ST_MPC_filter,0,2026-05-17 15:59:07,1,,78.41,0.321,-1,0.261,0.851,3.91,103.87,1.339,0.313,0.0651,0.116
0,ST_MPC_filter,0,2026-05-17 15:59:07,1,,60.6,0.323,-1,0.305,0.851,4.14,80.72,1.007,0.421,0.0613,0.0669
20,ST_MPC_filter,0,2026-05-17 16:01:26,0,timeout,120.2,0.548,-1,0.507,1.329,3.13,104.99,0.624,0.579,0.0496,0.1027
21,ST_MPC_filter,0,2026-05-17 16:02:26,1,,59.6,1.62,-1,0.571,1.345,2.76,83.89,1.066,0.445,0.0525,0.0735
0,ST_MPC_filter,0,2026-05-17 16:02:26,1,,66.81,1.608,-1,0.535,1.345,4.67,100.88,0.914,0.42,0.0601,0.0989
0,ST_MPC_filter,0,2026-05-17 16:03:13,1,,0.0,9.676,-1,0.128,0.128,18.56,18.56,0.2,0.6,0.0,0.0
22,ST_MPC_filter,0,2026-05-17 16:05:08,1,,90.78,0.326,-1,0.764,1.419,6.34,101.11,0.825,0.559,0.064,0.0712
0,ST_MPC_filter,0,2026-05-17 16:05:08,0,ped_too_close,89.74,0.287,-1,0.773,1.419,5.32,101.33,0.848,0.561,0.0533,0.0335
23,ST_MPC_filter,0,2026-05-17 16:08:34,0,timeout,120.0,0.623,-1,0.801,1.446,4.8,102.16,0.544,0.6,0.0442,0.0867
24,ST_MPC_filter,0,2026-05-17 16:10:35,0,timeout,120.19,0.98,-1,1.689,1.739,9.46,101.13,0.04,0.731,0.025,0.1323
25,ST_MPC_filter,0,2026-05-17 16:12:35,0,timeout,120.0,1.359,-1,1.999,2.247,7.77,101.03,0.123,0.747,0.0299,0.052
26,ST_MPC_filter,0,2026-05-17 16:13:51,1,,75.5,0.397,-1,0.819,1.994,4.01,102.76,0.956,0.505,0.0536,0.0987
0,ST_MPC_filter,0,2026-05-17 16:13:51,1,,55.29,0.392,-1,0.42,1.64,5.02,101.02,1.198,0.436,0.0559,0.0602
27,ST_MPC_filter,0,2026-05-17 16:19:31,0,timeout,120.18,0.672,-1,0.623,1.297,8.59,105.21,0.564,0.586,0.0328,0.0896
0,ST_MPC_filter,0,2026-05-17 16:19:31,0,timeout,120.14,0.684,-1,0.623,1.297,8.07,103.87,0.538,0.589,0.0341,0.0858
0,ST_MPC_filter,0,2026-05-17 16:29:23,0,timeout,120.2,0.952,-1,0.632,1.216,8.26,103.43,0.534,0.588,0.0325,0.0856
28,ST_MPC_filter,0,2026-05-17 16:29:23,0,timeout,120.2,0.932,-1,0.633,1.216,7.22,103.93,0.561,0.582,0.0326,0.0997
29,ST_MPC_filter,0,2026-05-17 16:49:18,0,timeout,120.19,0.104,-1,0.993,1.385,4.64,113.16,0.507,0.632,0.0527,0.0618
30,ST_MPC_filter,0,2026-05-17 16:51:18,0,timeout,120.2,7.459,-1,1.369,1.369,0.65,6.51,0.079,0.75,0.0,0.0
31,ST_MPC_filter,0,2026-05-17 16:53:19,0,timeout,120.01,4.03,-1,1.12,1.369,0.9,12.33,0.356,0.667,0.0191,0.0077
32,ST_MPC_filter,0,2026-05-17 16:55:19,0,timeout,120.2,0.593,-1,0.572,1.305,5.41,103.56,0.677,0.551,0.0442,0.0834
33,ST_MPC_filter,0,2026-05-17 16:57:19,0,timeout,120.18,0.047,-1,1.43,1.585,4.52,101.0,1.442,0.747,0.032,0.0264
34,ST_MPC_filter,0,2026-05-17 16:59:20,0,timeout,120.11,3.82,-1,1.498,1.498,4.13,92.49,1.5,0.75,0.0,0.0
35,ST_MPC_filter,0,2026-05-17 17:01:20,0,timeout,120.0,3.82,-1,1.498,1.498,4.77,100.85,1.5,0.75,0.0,0.0
36,ST_MPC_filter,0,2026-05-17 17:03:20,0,timeout,120.2,3.82,-1,1.498,1.498,5.8,100.62,1.5,0.75,0.0,0.0
37,ST_MPC_filter,0,2026-05-17 17:05:21,0,timeout,120.0,3.82,-1,1.498,1.498,6.08,100.9,1.5,0.75,0.0,0.0
38,ST_MPC_filter,0,2026-05-17 17:07:21,0,timeout,120.0,3.82,-1,1.498,1.498,5.79,102.2,1.5,0.75,0.0,0.0
39,ST_MPC_filter,0,2026-05-17 17:09:21,0,timeout,120.0,3.82,-1,1.498,1.498,6.39,100.96,1.5,0.75,0.0,0.0
40,ST_MPC_filter,0,2026-05-17 17:11:21,0,timeout,120.2,3.82,-1,1.424,1.498,6.05,100.65,1.459,0.746,0.0295,0.043
0,S1,0,2026-05-17 17:12:56,1,,47.69,0.541,-1,0.564,1.573,4.5,103.83,1.326,0.428,0.0604,0.0682
41,ST_MPC_filter,0,2026-05-17 17:12:56,1,,94.03,0.57,-1,0.429,1.573,3.63,102.21,1.218,0.412,0.053,0.0649
42,ST_MPC_filter,0,2026-05-17 17:14:04,1,,56.2,0.577,-1,0.533,1.69,4.84,99.18,1.228,0.436,0.0786,0.1365
0,S1,0,2026-05-17 17:14:04,1,,49.0,0.577,-1,0.568,1.69,4.57,98.66,1.292,0.416,0.0656,0.0754
0,S1,0,2026-05-17 17:15:11,0,ped_too_close,49.01,0.082,-1,0.592,1.457,6.24,101.9,1.286,0.448,0.0597,0.071
43,ST_MPC_filter,0,2026-05-17 17:15:11,0,ped_too_close,55.5,0.085,-1,0.557,1.457,6.36,101.8,1.204,0.469,0.0785,0.1631
44,ST_MPC_filter,0,2026-05-17 17:16:30,1,,66.8,0.371,-1,0.478,1.22,5.86,103.95,0.938,0.415,0.0764,0.1227
0,S1,0,2026-05-17 17:16:30,1,,60.09,0.37,-1,0.502,1.22,4.74,101.96,1.156,0.427,0.0624,0.068
45,ST_MPC_filter,0,2026-05-17 17:18:41,0,timeout,120.18,0.605,-1,1.7,2.451,2.69,28.41,1.226,0.636,0.0538,0.0908
0,S1,0,2026-05-17 17:19:52,1,,52.48,0.309,-1,0.52,1.75,5.77,101.14,1.271,0.428,0.0629,0.0659
46,ST_MPC_filter,0,2026-05-17 17:19:52,0,ped_too_close,71.02,0.299,-1,0.672,1.75,5.35,103.14,1.256,0.496,0.062,0.0859
47,ST_MPC_filter,0,2026-05-17 17:22:06,0,timeout,120.19,0.142,-1,0.994,1.373,4.92,100.6,0.57,0.611,0.0558,0.0789
48,ST_MPC_filter,0,2026-05-17 17:24:06,0,timeout,120.01,0.371,-1,1.343,2.485,7.21,103.84,0.69,0.691,0.0835,0.1118
49,ST_MPC_filter,0,2026-05-17 17:25:08,0,ped_too_close,61.59,0.226,-1,0.406,1.192,4.71,102.36,1.056,0.463,0.0608,0.0724
0,S1,0,2026-05-17 17:25:08,0,ped_too_close,45.47,0.169,-1,0.28,0.997,5.18,102.9,1.329,0.361,0.0674,0.0868
50,ST_MPC_filter,0,2026-05-17 17:26:08,1,,49.99,0.483,-1,0.408,1.148,4.82,104.72,1.307,0.418,0.0524,0.101
0,S1,0,2026-05-17 17:26:08,1,,43.02,0.436,-1,0.421,1.148,6.55,103.68,1.347,0.372,0.0541,0.0763
0,S1,0,2026-05-17 17:27:16,1,,47.79,0.891,-1,0.639,1.583,5.8,101.87,1.298,0.437,0.0618,0.0748
51,ST_MPC_filter,0,2026-05-17 17:27:16,1,,54.81,0.865,-1,0.597,1.583,4.93,103.44,1.225,0.463,0.0896,0.1159
52,ST_MPC_filter,0,2026-05-17 17:28:50,1,,81.6,0.426,-1,0.793,1.538,10.74,103.11,0.904,0.528,0.0628,0.0852
0,S1,0,2026-05-17 17:28:50,1,,74.18,0.436,-1,0.842,1.538,10.58,103.61,0.928,0.515,0.0578,0.0387
53,ST_MPC_filter,0,2026-05-17 17:29:54,1,,53.17,0.638,-1,0.515,1.403,3.45,78.42,1.268,0.459,0.0703,0.0903
0,S1,0,2026-05-17 17:29:54,1,,44.59,0.66,-1,0.537,1.403,4.56,78.14,1.326,0.409,0.0628,0.0758
54,ST_MPC_filter,0,2026-05-17 17:31:07,1,,64.0,0.44,-1,0.905,2.657,4.5,66.26,1.162,0.455,0.0857,0.1435
0,S1,0,2026-05-17 17:31:07,1,,57.2,0.44,-1,0.96,2.657,4.11,87.58,1.095,0.46,0.0772,0.1179
0,S1,0,2026-05-17 17:32:41,1,,73.2,1.264,-1,1.232,2.929,3.58,69.21,0.966,0.418,0.0721,0.1017
55,ST_MPC_filter,0,2026-05-17 17:32:41,1,,80.0,1.248,-1,1.149,2.929,4.89,100.91,1.009,0.444,0.0908,0.1509
56,ST_MPC_filter,0,2026-05-17 17:34:53,0,timeout,120.0,0.536,-1,0.517,1.605,3.6,101.37,0.583,0.6,0.0498,0.0896
0,S1,0,2026-05-17 17:36:04,1,,51.01,0.381,-1,0.606,1.828,5.35,100.85,1.256,0.429,0.0648,0.067
57,ST_MPC_filter,0,2026-05-17 17:36:04,1,,58.49,0.378,-1,0.557,1.828,5.14,102.32,1.18,0.449,0.0727,0.1138
58,ST_MPC_filter,0,2026-05-17 17:37:18,0,ped_too_close,59.4,0.255,-1,0.689,2.042,7.56,103.17,1.148,0.467,0.0803,0.1142
0,S1,0,2026-05-17 17:37:18,0,ped_too_close,52.81,0.275,-1,0.735,2.042,6.58,100.86,1.217,0.464,0.071,0.0659
59,ST_MPC_filter,0,2026-05-17 17:39:31,0,timeout,120.2,0.616,-1,1.746,2.387,3.4,62.03,1.092,0.632,0.077,0.1094
60,ST_MPC_filter,0,2026-05-17 17:41:31,0,timeout,120.01,0.236,-1,0.994,1.593,6.0,101.53,0.708,0.609,0.0489,0.0542
61,ST_MPC_filter,0,2026-05-17 17:43:31,0,timeout,120.2,0.83,-1,0.783,1.361,8.1,103.89,0.552,0.605,0.0561,0.0973
62,ST_MPC_filter,0,2026-05-17 17:45:43,0,timeout,120.19,0.821,-1,0.593,1.607,3.4,102.11,0.572,0.617,0.0514,0.0999
0,S1,0,2026-05-17 17:46:53,1,,49.85,0.318,-1,0.573,1.773,4.59,100.91,1.284,0.418,0.0668,0.0695
63,ST_MPC_filter,0,2026-05-17 17:46:53,1,,57.28,0.317,-1,0.524,1.773,5.26,102.7,1.195,0.448,0.0641,0.0866
64,ST_MPC_filter,0,2026-05-17 17:49:03,0,timeout,120.0,0.052,-1,0.891,1.238,7.62,102.42,0.527,0.626,0.049,0.0739
65,ST_MPC_filter,0,2026-05-17 17:51:04,0,timeout,120.18,0.419,-1,0.696,1.586,3.22,101.39,0.573,0.608,0.0583,0.1175
0,S1,0,2026-05-17 17:52:02,0,ped_too_close,42.02,0.287,-1,0.462,1.34,5.83,101.25,1.358,0.384,0.0583,0.0764
66,ST_MPC_filter,0,2026-05-17 17:52:02,1,,48.97,0.3,-1,0.446,1.34,4.61,106.32,1.31,0.436,0.0498,0.0711
0,S1,0,2026-05-17 17:53:37,1,,74.79,0.429,-1,0.698,1.365,4.69,102.78,1.044,0.536,0.0592,0.0382
67,ST_MPC_filter,0,2026-05-17 17:53:37,1,,81.0,0.429,-1,0.659,1.365,4.49,104.88,1.022,0.542,0.0655,0.0836
68,ST_MPC_filter,0,2026-05-17 17:55:48,0,timeout,120.18,0.801,-1,0.509,1.248,2.6,102.39,0.55,0.596,0.0343,0.103
0,S1,0,2026-05-17 17:57:23,0,ped_too_close,73.79,0.267,-1,0.826,1.575,12.57,104.05,0.916,0.508,0.0582,0.0425
69,ST_MPC_filter,0,2026-05-17 17:57:23,0,ped_too_close,81.81,0.277,-1,0.776,1.575,12.31,104.12,0.875,0.519,0.0615,0.0926
0,S1,0,2026-05-17 17:58:24,1,,44.79,-1,-1,0.25,1.06,2.23,101.6,1.315,0.215,0.055,0.0544
70,ST_MPC_filter,0,2026-05-17 17:58:24,1,,50.81,1.246,-1,0.252,1.06,3.28,105.26,1.189,0.292,0.0727,0.1264
71,ST_MPC_filter,0,2026-05-17 18:00:36,0,timeout,120.01,0.291,-1,0.97,1.365,13.82,101.95,0.529,0.607,0.0408,0.0378
0,S1,0,2026-05-17 18:01:49,0,ped_too_close,54.19,0.175,-1,0.6,1.635,5.57,104.34,1.197,0.459,0.0616,0.088
72,ST_MPC_filter,0,2026-05-17 18:01:49,0,ped_too_close,72.98,0.175,-1,0.708,1.635,6.17,101.19,0.969,0.526,0.0656,0.1122
73,ST_MPC_filter,0,2026-05-17 18:04:01,0,timeout,120.17,0.51,-1,0.601,1.304,2.93,90.64,0.551,0.614,0.0356,0.091
74,ST_MPC_filter,0,2026-05-17 18:05:22,1,,68.41,0.469,-1,0.453,1.346,4.46,102.16,0.993,0.416,0.089,0.1038
0,S1,0,2026-05-17 18:05:22,1,,61.4,0.464,-1,0.464,1.346,5.31,102.04,1.058,0.406,0.0715,0.0714
75,ST_MPC_filter,0,2026-05-17 18:07:36,0,timeout,120.19,0.9,-1,0.529,1.627,3.82,102.28,0.564,0.605,0.0454,0.0987
76,ST_MPC_filter,0,2026-05-17 18:08:46,0,ped_too_close,56.9,0.172,-1,0.582,1.82,4.24,104.75,1.228,0.469,0.061,0.1071
0,S1,0,2026-05-17 18:08:46,0,ped_too_close,50.89,0.172,-1,0.626,1.82,4.99,101.18,1.266,0.445,0.0615,0.073
0,S1,0,2026-05-17 18:10:06,1,,63.19,1.682,-1,1.362,2.879,4.41,82.44,1.072,0.443,0.1042,0.1354
77,ST_MPC_filter,0,2026-05-17 18:10:06,1,,69.19,1.678,-1,1.273,2.879,4.95,101.12,1.094,0.447,0.1235,0.1506
78,ST_MPC_filter,0,2026-05-17 18:12:19,0,timeout,120.16,0.951,-1,0.573,1.097,2.75,103.29,0.543,0.597,0.0332,0.1056
79,ST_MPC_filter,0,2026-05-17 18:14:31,0,timeout,120.2,0.617,-1,0.538,1.351,3.28,90.33,0.545,0.609,0.0622,0.1078
80,ST_MPC_filter,0,2026-05-17 18:15:38,1,,54.2,0.375,-1,0.567,1.466,7.15,102.02,1.24,0.443,0.0844,0.1458
0,S1,0,2026-05-17 18:15:38,1,,47.0,0.375,-1,0.605,1.466,5.24,101.18,1.298,0.438,0.0627,0.075
0,S1,0,2026-05-17 18:16:47,1,,49.79,0.442,-1,0.598,1.544,5.79,101.52,1.265,0.446,0.0645,0.0713
81,ST_MPC_filter,0,2026-05-17 18:16:47,1,,56.04,0.453,-1,0.553,1.544,4.31,101.47,1.208,0.476,0.0588,0.0867
82,ST_MPC_filter,0,2026-05-17 18:17:59,1,,59.98,0.329,-1,0.507,1.347,5.12,105.59,1.076,0.446,0.0689,0.1129
0,S1,0,2026-05-17 18:17:59,1,,51.39,0.328,-1,0.535,1.346,4.35,93.96,1.197,0.476,0.0606,0.0665
0,S1,0,2026-05-17 18:19:04,1,,46.07,0.52,-1,0.519,1.331,3.87,104.92,1.35,0.405,0.0579,0.079
83,ST_MPC_filter,0,2026-05-17 18:19:04,1,,52.85,0.519,-1,0.491,1.331,4.13,98.78,1.193,0.426,0.0964,0.1499
84,ST_MPC_filter,0,2026-05-17 18:20:10,0,ped_too_close,56.91,0.16,-1,0.555,1.338,5.12,103.97,1.167,0.477,0.0679,0.1407
0,S1,0,2026-05-17 18:20:11,0,ped_too_close,50.4,0.162,-1,0.589,1.338,4.24,100.96,1.229,0.465,0.0568,0.0776
0,S1,0,2026-05-17 18:21:09,1,,41.79,0.674,-1,0.374,1.09,4.76,100.91,1.372,0.341,0.0537,0.0769
85,ST_MPC_filter,0,2026-05-17 18:21:09,1,,48.02,0.674,-1,0.364,1.09,5.89,101.29,1.338,0.377,0.0782,0.1374
0,S1,0,2026-05-17 23:27:27,0,timeout,120.21,0.034,-1,0.984,1.385,15.21,104.46,0.489,0.624,0.0401,0.0393
0,S1,0,2026-05-17 23:29:42,0,timeout,120.19,0.015,-1,0.98,1.385,4.39,120.77,0.495,0.625,0.0402,0.0307
0,S1,0,2026-05-17 23:32:00,0,timeout,120.2,0.078,-1,0.983,1.385,4.16,100.78,0.491,0.626,0.0388,0.0294
0,S1,0,2026-05-17 23:34:17,0,timeout,120.2,0.027,-1,0.979,1.385,4.56,95.04,0.495,0.624,0.043,0.029
0,S1,0,2026-05-17 23:36:34,0,timeout,120.01,0.038,-1,0.976,1.385,17.01,104.14,0.496,0.624,0.0398,0.0333
0,S1,0,2026-05-17 23:38:04,0,ped_too_close,71.76,0.16,-1,0.635,1.414,7.32,102.51,0.921,0.51,0.0549,0.0561
0,S1,0,2026-05-17 23:40:19,0,timeout,120.0,0.066,-1,0.95,1.368,8.47,102.88,0.452,0.623,0.0378,0.029
0,S1,0,2026-05-17 23:42:37,0,timeout,120.2,0.028,-1,0.979,1.385,4.67,69.14,0.494,0.625,0.0392,0.0387
0,S1,0,2026-05-17 23:44:55,0,timeout,120.22,0.035,-1,0.978,1.385,6.46,101.43,0.495,0.624,0.0393,0.0358
0,S1,0,2026-05-17 23:47:12,0,timeout,120.19,0.036,-1,0.979,1.385,3.82,87.71,0.492,0.626,0.0397,0.0307
0,S1,0,2026-05-17 23:49:30,0,timeout,120.2,0.005,-1,0.976,1.384,4.31,101.58,0.49,0.624,0.0387,0.0344
0,S1,0,2026-05-17 23:50:37,0,ped_too_close,50.39,0.18,-1,0.33,1.294,3.05,66.54,1.268,0.414,0.055,0.0738
0,S1,0,2026-05-17 23:52:54,0,timeout,120.17,0.025,-1,0.977,1.385,4.38,103.54,0.493,0.624,0.0399,0.0314
0,S1,0,2026-05-17 23:54:31,0,ped_too_close,79.59,0.093,-1,0.475,1.326,7.09,102.96,0.86,0.518,0.0538,0.0439
0,S1,0,2026-05-17 23:56:49,0,timeout,120.21,0.043,-1,0.977,1.385,14.59,111.48,0.495,0.623,0.0395,0.036
0,S1,0,2026-05-17 23:59:07,0,timeout,120.2,0.01,-1,0.977,1.385,4.71,98.75,0.494,0.625,0.0394,0.0376
0,S1,0,2026-05-18 00:01:24,0,timeout,120.21,0.066,-1,0.975,1.385,15.93,104.32,0.495,0.621,0.0404,0.0398
0,S1,0,2026-05-18 00:03:42,0,timeout,120.19,0.1,-1,0.978,1.379,5.4,101.32,0.493,0.626,0.0393,0.0299
0,S1,0,2026-05-18 00:05:59,0,timeout,120.0,0.022,-1,0.975,1.385,5.69,100.54,0.494,0.623,0.04,0.0389
0,S1,0,2026-05-18 00:07:06,0,ped_too_close,49.8,0.108,-1,0.322,1.259,3.05,93.98,1.274,0.401,0.0518,0.0717
0,S1,0,2026-05-18 00:09:24,0,timeout,120.09,0.042,-1,0.975,1.385,12.17,116.23,0.496,0.623,0.0397,0.0363
0,S1,0,2026-05-18 00:11:41,0,timeout,120.0,0.082,-1,0.973,1.385,13.64,105.87,0.496,0.621,0.0403,0.0384
0,S1,0,2026-05-18 00:12:49,0,ped_too_close,50.0,0.059,-1,0.336,1.317,2.37,30.56,1.271,0.404,0.0533,0.0606
0,S1,0,2026-05-18 00:14:21,0,ped_too_close,74.99,0.175,-1,0.698,1.49,8.99,102.47,0.882,0.521,0.0543,0.0522
0,S1,0,2026-05-18 00:16:39,0,timeout,120.19,0.021,-1,0.978,1.385,4.17,101.95,0.495,0.624,0.04,0.0326
0,S1,0,2026-05-18 00:18:57,0,timeout,120.17,0.017,-1,0.978,1.385,4.6,103.78,0.493,0.625,0.0402,0.0304
0,S1,0,2026-05-18 00:21:14,0,timeout,120.16,0.058,-1,0.977,1.383,5.07,100.81,0.491,0.625,0.0403,0.0288
0,S1,0,2026-05-18 00:23:32,0,timeout,120.16,0.078,-1,0.983,1.384,4.87,136.43,0.505,0.625,0.0365,0.0284
0,S1,0,2026-05-18 00:25:49,0,timeout,120.2,0.035,-1,0.979,1.383,4.6,103.78,0.487,0.624,0.0369,0.0285
0,S1,0,2026-05-18 00:27:12,0,ped_too_close,66.19,0.125,-1,0.69,1.789,5.99,106.27,1.008,0.487,0.0572,0.0549
0,S1,0,2026-05-18 00:29:29,0,timeout,120.0,0.069,-1,0.981,1.382,4.13,102.2,0.486,0.625,0.0367,0.0286
0,S1,0,2026-05-18 00:31:46,0,timeout,120.2,0.036,-1,0.98,1.385,4.34,105.56,0.494,0.625,0.0398,0.0312
0,S1,0,2026-05-18 00:34:04,0,timeout,120.0,0.038,-1,0.977,1.385,16.17,111.03,0.496,0.624,0.04,0.033
0,S1,0,2026-05-18 00:36:21,0,timeout,120.0,0.015,-1,0.978,1.385,5.51,69.4,0.492,0.625,0.04,0.038
0,S1,0,2026-05-18 00:38:39,0,timeout,120.16,0.01,-1,0.977,1.385,4.62,102.35,0.494,0.625,0.0395,0.0358
0,S1,0,2026-05-18 00:40:55,0,ped_too_close,118.39,0.131,-1,0.917,1.415,6.3,102.55,0.601,0.603,0.0459,0.039
0,S1,0,2026-05-18 00:43:14,0,timeout,120.01,0.075,-1,0.982,1.385,4.3,101.04,0.501,0.625,0.0439,0.0285
0,S1,0,2026-05-18 00:45:31,0,timeout,120.19,0.043,-1,0.976,1.381,4.71,104.56,0.508,0.625,0.0395,0.0287
0,S1,0,2026-05-18 00:47:49,0,timeout,120.19,0.012,-1,0.979,1.385,4.14,103.78,0.495,0.624,0.0401,0.0306
0,S1,0,2026-05-18 00:50:06,0,timeout,120.19,0.177,-1,0.967,1.369,10.37,101.52,0.494,0.624,0.0402,0.0437
0,S1,0,2026-05-18 00:52:24,0,timeout,120.19,0.071,-1,0.983,1.382,4.87,102.84,0.504,0.625,0.0367,0.0286
0,S1,0,2026-05-18 00:54:25,0,ped_too_close,103.39,0.164,-1,0.853,1.415,5.83,100.6,0.673,0.583,0.0476,0.0465
0,S1,0,2026-05-18 00:56:44,0,timeout,120.19,0.058,-1,0.977,1.378,4.73,103.52,0.486,0.624,0.0379,0.0289
0,S1,0,2026-05-18 00:59:01,0,timeout,120.19,0.075,-1,0.984,1.385,3.85,102.46,0.507,0.625,0.0412,0.0284
0,S1,0,2026-05-18 01:01:19,0,timeout,120.2,0.074,-1,0.977,1.385,8.94,100.67,0.491,0.621,0.0388,0.0404
0,S1,0,2026-05-18 01:03:36,0,timeout,120.2,0.026,-1,0.976,1.383,4.8,101.81,0.49,0.625,0.0391,0.0315
0,S1,0,2026-05-18 01:05:54,0,timeout,120.2,0.081,-1,0.98,1.38,5.47,102.25,0.505,0.625,0.0416,0.0289
0,S1,0,2026-05-18 01:07:27,0,ped_too_close,75.59,0.126,-1,0.705,1.484,9.99,102.17,0.879,0.52,0.0568,0.0497
0,S1,0,2026-05-18 01:09:44,0,timeout,120.0,0.028,-1,0.977,1.385,5.86,102.22,0.495,0.624,0.0403,0.0331
0,S1,0,2026-05-18 01:12:01,0,timeout,120.0,0.156,-1,0.965,1.371,9.45,101.38,0.5,0.621,0.0414,0.0377
0,ST_MPC_filter,0,2026-05-18 12:13:37,0,timeout,120.2,0.149,-1,0.971,1.371,9.42,101.61,0.495,0.621,0.0403,0.0393
0,ST_MPC_filter,0,2026-05-18 12:15:54,0,timeout,120.2,0.05,-1,0.949,1.367,8.89,101.04,0.449,0.624,0.0364,0.029
0,ST_MPC_filter,0,2026-05-18 12:18:11,0,timeout,120.2,0.003,-1,0.98,1.385,4.46,101.27,0.493,0.624,0.0392,0.0302
0,ST_MPC_filter,0,2026-05-18 12:19:19,0,ped_too_close,49.79,0.065,-1,0.327,1.29,2.77,103.05,1.274,0.402,0.0532,0.0606
0,ST_MPC_filter,0,2026-05-18 12:28:40,0,ped_too_close,50.29,0.048,-1,0.342,1.348,6.36,103.89,1.278,0.415,0.0582,0.0863
0,ST_MPC_filter,0,2026-05-18 12:47:52,0,timeout,120.23,0.234,-1,0.963,1.371,19.75,118.26,0.537,0.617,0.0413,0.0264
0,ST_MPC_filter,0,2026-05-18 12:49:26,0,ped_too_close,76.59,0.238,-1,0.697,1.455,13.77,103.91,0.881,0.516,0.053,0.041
0,ST_MPC_filter,0,2026-05-18 12:50:32,0,ped_too_close,50.44,0.063,-1,0.386,1.516,6.27,101.31,1.292,0.419,0.0528,0.0697
0,ST_MPC_filter,0,2026-05-18 12:51:40,0,ped_too_close,50.78,0.23,-1,0.357,1.392,5.18,103.22,1.264,0.402,0.0595,0.0766
0,ST_MPC_filter,0,2026-05-18 12:53:57,0,timeout,120.01,0.015,-1,0.979,1.385,7.51,101.11,0.493,0.625,0.0397,0.0293
0,ST_MPC_filter,0,2026-05-18 12:56:14,0,timeout,120.01,0.491,-1,0.973,1.38,8.12,107.17,0.534,0.621,0.0394,0.0256
0,ST_MPC_filter,0,2026-05-18 12:57:46,0,ped_too_close,74.38,0.07,-1,0.654,1.414,11.18,104.86,0.908,0.508,0.0599,0.0682
0,ST_MPC_filter,0,2026-05-18 12:59:17,0,ped_too_close,72.98,0.125,-1,0.7,1.559,11.58,108.3,0.915,0.5,0.0553,0.0534
0,ST_MPC_filter,0,2026-05-18 13:01:37,0,timeout,120.01,0.283,-1,0.965,1.371,16.9,112.02,0.524,0.622,0.0448,0.0268
0,ST_MPC_filter,0,2026-05-18 13:03:55,0,timeout,120.12,0.147,-1,0.971,1.385,6.36,103.68,0.498,0.622,0.0407,0.0314
0,ST_MPC_filter,0,2026-05-18 13:05:01,0,ped_too_close,48.99,0.105,-1,0.294,1.137,3.76,100.84,1.278,0.399,0.0536,0.0648
0,ST_MPC_filter,0,2026-05-18 13:06:11,0,ped_too_close,51.6,0.104,-1,0.396,1.525,5.92,103.22,1.248,0.415,0.0582,0.0616
0,ST_MPC_filter,0,2026-05-18 13:07:19,0,ped_too_close,51.78,0.108,-1,0.395,1.533,4.92,101.01,1.259,0.409,0.0581,0.079
0,ST_MPC_filter,0,2026-05-18 13:09:02,0,ped_too_close,87.59,0.162,-1,0.682,1.324,15.8,109.75,0.859,0.541,0.0507,0.0421
0,ST_MPC_filter,0,2026-05-18 13:11:22,0,timeout,120.02,0.238,-1,0.955,1.368,19.08,107.72,0.507,0.622,0.0402,0.0341
0,ST_MPC_filter,0,2026-05-18 13:13:39,0,timeout,120.13,0.051,-1,0.959,1.365,18.54,113.04,0.514,0.616,0.0439,0.0372
0,ST_MPC_filter,0,2026-05-18 13:15:57,0,timeout,120.2,0.528,-1,0.975,1.371,7.68,105.59,0.54,0.621,0.0383,0.0266
0,ST_MPC_filter,0,2026-05-18 13:18:14,0,timeout,120.14,0.367,-1,0.973,1.379,8.61,106.42,0.506,0.62,0.0394,0.0319
0,ST_MPC_filter,0,2026-05-18 13:19:22,0,ped_too_close,50.3,0.033,-1,0.346,1.376,5.06,106.87,1.274,0.419,0.0542,0.0843
0,ST_MPC_filter,0,2026-05-18 13:21:39,0,timeout,120.2,0.361,-1,0.977,1.385,7.91,103.85,0.505,0.618,0.0433,0.0263
0,ST_MPC_filter,0,2026-05-18 13:58:23,0,ped_too_close,50.0,0.079,-1,0.336,1.326,4.64,102.41,1.269,0.404,0.0535,0.0587
0,ST_MPC_filter,0,2026-05-18 14:24:30,0,ped_too_close,48.5,0.101,-1,0.297,1.107,4.49,106.33,1.282,0.381,0.0537,0.0618
0,ST_MPC_filter,0,2026-05-18 14:56:29,0,ped_too_close,188.19,0.172,-1,1.054,1.385,3.93,102.67,0.446,0.651,0.039,0.0466
0,ST_MPC_filter,0,2026-05-18 15:03:44,1,,56.39,0.354,-1,0.31,1.141,2.98,37.74,1.135,0.443,0.07,0.0585
0,ST_MPC_filter,0,2026-05-18 15:04:59,1,,52.73,0.339,-1,0.267,1.02,3.65,86.72,1.197,0.424,0.073,0.0607
0,ST_MPC_filter,0,2026-05-18 15:43:48,1,,52.53,0.527,-1,0.159,0.473,2.99,74.6,1.179,0.376,0.0667,0.0705
0,ST_MPC_filter,0,2026-05-18 16:10:20,1,,52.01,0.545,-1,0.114,0.408,2.87,80.4,1.204,0.319,0.0676,0.0821
0,ST_MPC_filter,0,2026-05-18 16:15:26,0,timeout,120.0,0.362,-1,0.914,1.239,3.99,74.73,0.565,0.627,0.034,0.0245
0,ST_MPC_filter,0,2026-05-18 16:31:26,1,,187.2,0.316,-1,0.997,1.612,3.83,102.54,0.497,0.662,0.036,0.0443
0,ST_MPC_filter,0,2026-05-18 16:40:24,0,timeout,120.0,0.367,-1,0.901,1.238,3.5,74.06,0.55,0.622,0.0351,0.0428
0,ST_MPC_filter,0,2026-05-18 17:08:35,0,timeout,120.01,0.073,-1,0.981,1.372,6.06,82.99,0.502,0.615,0.0467,0.0582
1,ST_MPC_filter,0,2026-05-18 17:09:41,1,,65.4,0.57,-1,1.158,1.37,4.83,51.96,0.349,0.733,0.0459,0.0571
0,ST_MPC_filter,0,2026-05-18 17:49:32,0,timeout,120.19,0.081,-1,0.973,1.375,6.33,107.84,0.503,0.621,0.0393,0.0635
0,ST_MPC_filter,0,2026-05-19 14:22:14,0,timeout,120.2,0.107,-1,0.897,1.237,3.67,72.69,0.523,0.624,0.0373,0.0556
0,ST_MPC_filter,0,2026-05-19 14:39:12,0,ped_too_close,112.6,0.25,-1,0.804,1.331,3.2,101.06,0.686,0.59,0.0431,0.0317
0,ST_MPC_filter,0,2026-05-19 14:55:30,1,,56.6,0.66,-1,0.193,0.608,3.24,101.38,1.132,0.406,0.0594,0.074
1,ST_MPC_filter,0,2026-05-19 14:59:19,0,timeout,120.0,2.159,-1,1.47,1.708,4.29,101.03,0.044,0.737,0.0262,0.1102
0,ST_MPC_filter,0,2026-05-19 15:08:26,1,,60.8,0.707,-1,0.292,1.037,2.07,54.87,1.057,0.451,0.0622,0.0745
0,ST_MPC_filter,0,2026-05-19 15:26:24,1,,55.8,0.638,-1,0.167,0.502,3.28,65.08,1.135,0.389,0.0597,0.0757
0,ST_MPC_filter,0,2026-05-19 16:00:12,1,,54.85,0.641,-1,0.131,0.499,2.39,63.8,1.14,0.335,0.0597,0.0662
0,ST_MPC_filter,0,2026-05-19 16:02:03,1,,55.4,0.665,-1,0.159,0.496,3.14,101.34,1.14,0.38,0.0596,0.0785
0,ST_MPC_filter,0,2026-05-19 16:32:13,1,,55.86,0.613,-1,0.163,0.506,2.9,72.37,1.135,0.377,0.0597,0.0762
0,ST_MPC_filter,0,2026-05-19 16:38:19,1,,56.6,0.668,-1,0.201,0.666,2.68,67.11,1.129,0.41,0.0599,0.0764
0,ST_MPC_filter,0,2026-05-19 16:45:24,1,,56.6,0.721,-1,0.191,0.652,2.69,102.01,1.13,0.403,0.059,0.0771
0,ST_MPC_filter,0,2026-05-19 16:51:10,1,,57.2,0.714,-1,0.231,0.825,2.63,68.31,1.12,0.423,0.0598,0.0736
1,ST_MPC_filter,0,2026-05-19 16:53:30,0,timeout,120.08,1.334,-1,2.654,2.911,5.71,99.1,0.051,0.738,0.0293,0.1009
0,ST_MPC_filter,0,2026-05-19 17:36:28,1,,54.2,0.568,-1,0.152,0.499,2.01,65.76,1.143,0.346,0.0591,0.0616
0,ST_MPC_filter,0,2026-05-19 17:49:37,1,,57.6,0.728,-1,0.235,0.84,2.0,68.24,1.115,0.428,0.0594,0.0774
0,ST_MPC_filter,0,2026-05-19 17:52:49,1,,55.86,0.655,-1,0.161,0.498,2.45,66.91,1.134,0.379,0.0595,0.0745
1,ST_MPC_filter,0,2026-05-19 17:56:40,0,timeout,120.2,2.056,-1,1.145,1.276,3.36,93.95,0.028,0.593,0.0224,0.3762
2,ST_MPC_filter,0,2026-05-19 17:58:42,0,timeout,120.05,1.649,-1,1.129,1.142,2.74,52.95,0.0,0.562,0.0,0.4063
0,ST_MPC_filter,0,2026-05-19 18:49:10,0,timeout,120.13,0.807,-1,0.451,0.712,1.94,72.01,0.549,0.574,0.0406,0.1009
0,ST_MPC_filter,0,2026-05-19 18:57:10,0,timeout,120.13,0.806,-1,0.449,0.708,2.03,101.6,0.549,0.574,0.04,0.1009
0,ST_MPC_filter,0,2026-05-19 18:59:04,1,,54.99,0.704,-1,0.147,0.499,3.2,65.2,1.14,0.362,0.0588,0.0722
0,ST_MPC_filter,0,2026-05-19 19:12:31,1,,54.19,0.849,-1,0.143,0.503,2.33,69.74,1.15,0.308,0.0582,0.0592
0,ST_original,zara2,0,2026-05-20 22:28:37,1,,55.19,0.842,-1,0.175,0.629,2.24,65.0,1.141,0.342,0.0579,0.0612,1.99,1,-1.0
0,ST_original,zara2,0,2026-05-20 22:32:35,1,,54.8,0.847,-1,0.173,0.619,1.95,52.72,1.147,0.339,0.0584,0.0614,1.8,1,-1.0
0,ST_original,zara2,0,2026-05-20 22:34:49,1,,54.4,0.874,-1,0.176,0.653,1.79,48.62,1.152,0.343,0.0576,0.062,2.0,1,-1.0
0,ST_original,zara2,0,2026-05-20 22:37:18,1,,55.2,0.866,-1,0.202,0.761,2.16,100.94,1.142,0.36,0.0581,0.0619,1.8,1,-1.0
0,ST_original,zara2,0,2026-05-20 22:39:21,1,,53.79,0.85,-1,0.143,0.496,2.09,67.2,1.155,0.309,0.0577,0.0595,1.79,1,-1.0
0,ST_progress,ST-warehouse-progress,0,2026-05-20 22:44:53,1,,54.0,0.868,-1,0.177,0.626,2.26,55.21,1.16,0.338,0.0611,0.0877,1.81,1,-1.0
0,ST_original,zara2,0,2026-05-20 22:48:30,1,,54.6,0.862,-1,0.179,0.665,1.99,68.98,1.151,0.343,0.0583,0.0619,2.0,1,-1.0
0,ST_original,zara2,0,2026-05-20 22:50:24,1,,54.6,0.886,-1,0.171,0.636,2.22,73.24,1.15,0.336,0.0579,0.0614,1.8,1,-1.0
0,ST_progress,ST-warehouse-progress,0,2026-05-20 22:52:15,1,,54.4,0.856,-1,0.156,0.534,1.89,48.62,1.15,0.322,0.0583,0.0607,1.8,1,-1.0
0,ST_progress,ST-warehouse-progress,0,2026-05-20 22:54:00,1,,54.6,0.854,-1,0.173,0.596,1.86,70.88,1.153,0.338,0.0584,0.0613,1.8,1,-1.0
0,ST_progress,ST-warehouse-progress,0,2026-05-20 22:56:28,1,,55.6,0.845,-1,0.22,0.802,2.04,65.72,1.133,0.367,0.0582,0.0605,1.8,1,-1.0
0,ST_progress,ST-warehouse-progress,0,2026-05-20 22:58:36,1,,55.2,0.848,-1,0.208,0.667,2.46,69.05,1.139,0.354,0.0621,0.062,1.6,1,-1.0
0,gamma05,zara2,0,2026-05-21 11:06:37,1,,52.46,0.877,-1,0.135,0.504,2.57,72.31,1.177,0.284,0.0575,0.0536,1.79,1,-1.0
0,ST_original_g07,zara2,0,2026-05-22 14:14:51,1,,57.4,0.906,-1,0.281,1.045,2.4,103.1,1.103,0.393,0.0589,0.0623,2.0,1,-1.0
0,C3_ST_original,zara2,0,2026-05-22 14:24:27,1,,51.99,0.614,-1,0.093,0.416,1.67,10.6,1.139,0.232,0.0525,0.0396,3.19,1,-1.0
0,C3_ST_original,zara2,0,2026-05-22 14:38:59,1,,52.6,0.62,-1,0.114,0.454,1.92,43.44,1.135,0.241,0.0534,0.041,1.4,1,-1.0
0,C3_ST_original,zara2,0,2026-05-22 14:58:08,1,,50.79,0.387,-1,0.124,0.563,2.08,39.54,1.195,0.205,0.0634,0.0654,3.4,1,-1.0
0,C3_ST_original,zara2,0,2026-05-22 15:03:33,1,,58.79,0.316,-1,0.196,0.666,3.49,75.09,1.065,0.262,0.0673,0.1053,4.42,3,-1.0
0,C3_ST_original,zara2,0,2026-05-22 15:15:10,1,,56.29,0.361,-1,0.197,0.737,2.89,94.57,1.128,0.282,0.0655,0.0739,3.19,1,-1.0
0,C3_ST_progress,ST-warehouse-progress,0,2026-05-22 15:33:18,1,,56.6,0.337,-1,0.187,0.68,3.49,79.51,1.117,0.284,0.0717,0.0849,2.81,2,-1.0
0,C3_g05_ST_original,zara2,0,2026-05-22 16:28:02,1,,56.85,0.308,-1,0.252,0.886,3.51,76.82,1.102,0.35,0.0635,0.082,3.21,2,-1.0
0,C3_g05_ST_original,zara2,0,2026-05-22 16:34:17,1,,54.87,0.327,-1,0.228,0.667,3.12,73.72,1.146,0.32,0.066,0.0716,2.0,1,-1.0
0,C3_g05_ST_original,zara2,0,2026-05-22 16:38:06,0,ped_too_close,57.2,0.262,-1,0.235,0.938,3.26,102.51,1.125,0.341,0.0777,0.1006,3.19,1,-1.0
0,C4_g05_ST_original,zara2,0,2026-05-22 17:49:14,1,,55.46,0.304,-1,0.175,0.588,3.58,72.46,1.121,0.291,0.0648,0.0664,3.0,1,-1.0
0,C4_g05_ST_original,zara2,0,2026-05-22 17:53:57,0,timeout,120.1,0.078,-1,0.165,0.384,69.51,122.58,0.341,0.245,0.0802,0.1985,84.14,4,18.47
1,C4_g05_ST_original,zara2,0,2026-05-22 17:55:21,1,,82.4,2.53,-1,0.155,0.187,75.91,111.6,0.27,0.21,0.0401,0.2648,61.27,1,-1.0
0,C4lite_g05_ST_original,zara2,0,2026-05-22 22:58:24,1,,58.2,0.336,-1,0.243,0.771,3.08,71.98,1.097,0.317,0.0642,0.0913,2.19,2,-1.0
0,C4lite_g05_ST_original,zara2,0,2026-05-22 23:20:35,1,,58.27,0.32,-1,0.231,0.931,3.51,77.67,1.094,0.321,0.064,0.0716,3.4,1,-1.0
0,C4lite_g05_ST_original,zara2,0,2026-05-23 16:13:34,0,timeout,120.2,0.095,-1,1.115,1.886,6.19,104.65,0.48,0.544,0.0719,0.0611,13.28,6,14.95
0,C4lite_g05_ST_original,zara2,0,2026-05-23 18:45:41,0,timeout,120.19,0.119,-1,0.886,1.427,4.47,139.62,1.202,0.547,0.0542,0.0983,6.29,2,22.7
0,C4lite_g05_ST_original,zara2,0,2026-05-23 19:00:24,0,timeout,120.2,0.094,-1,1.09,1.854,4.79,107.92,1.144,0.542,0.0653,0.0781,8.07,3,25.48
1,C4lite_g05_ST_original,zara2,0,2026-05-23 19:02:26,0,timeout,120.15,3.321,-1,1.879,1.904,0.54,3.53,1.286,0.75,0.0002,0.0,0.0,0,-1.0
0,C4lite_g05_ST_original,zara2,0,2026-05-23 22:13:43,0,timeout,120.19,0.104,-1,1.182,2.011,7.51,116.65,1.141,0.549,0.0718,0.0615,15.08,3,23.9
1,C4lite_g05_ST_original,zara2,0,2026-05-23 22:15:45,0,timeout,120.12,3.825,-1,2.045,2.08,2.36,16.15,1.5,0.75,0.0,0.0,0.0,0,-1.0
0,C4lite_g05_AB,ST_original,0,2026-05-24 11:38:59,0,timeout,120.2,0.11,-1,1.098,1.832,2.97,100.86,1.147,0.555,0.0632,0.0584,10.07,3,24.27
1,C4lite_g05_AB,ST_original,0,2026-05-24 11:41:00,0,timeout,120.02,3.296,-1,1.836,1.845,0.5,2.8,1.285,0.75,0.0001,0.0,0.0,0,-1.0
0,C5_g05_AB,ST_original,0,2026-05-24 22:07:02,0,timeout,120.19,0.108,-1,1.087,1.799,5.63,106.65,1.171,0.554,0.0721,0.0552,10.09,3,23.3
0,C5lite_g05,ST_original,0,2026-05-24 22:26:05,0,ped_too_close,64.79,0.02,-1,0.123,0.459,7.41,106.44,1.004,0.273,0.0852,0.0967,8.66,2,23.06
0,C5lite_g05,ST_original,0,2026-05-25 11:36:42,0,timeout,120.2,0.334,-1,0.258,0.355,30.9,108.59,0.202,0.116,0.0538,0.043,44.26,5,8.5
1,C5lite_g05,ST_original,0,2026-05-25 11:37:18,1,,34.28,3.815,-1,0.243,0.637,1.31,11.06,1.071,0.243,0.0249,0.0651,0.0,0,-1.0
0,C6_g05,ST_original,0,2026-05-25 12:12:01,0,ped_too_close,64.59,0.298,-1,0.367,1.342,9.19,102.38,0.995,0.402,0.1041,0.0465,6.71,3,20.84
0,C6_g05,ST_original,0,2026-05-25 12:14:47,0,timeout,120.2,0.265,-1,0.827,1.241,4.2,102.58,0.466,0.582,0.0563,0.0642,7.6,7,45.81
0,C7_g05,SingularTrajectory,0,2026-05-25 13:53:01,1,,54.4,0.459,-1,0.516,1.32,2.42,69.76,1.206,0.286,0.0597,0.0428,0.2,1,-1.0
0,C7.1a,SingularTrajectory,0,2026-05-25 14:17:31,1,,55.39,0.382,-1,0.246,0.718,2.08,50.5,1.137,0.281,0.058,0.0438,3.39,1,-1.0
0,C7.1b,SingularTrajectory,0,2026-05-25 14:29:14,1,,54.99,0.549,-1,0.333,0.895,2.39,78.83,1.165,0.316,0.0576,0.0622,2.79,2,-1.0
0,C7.1c,SingularTrajectory,0,2026-05-25 14:54:35,1,,55.0,0.34,-1,0.274,0.989,1.96,14.87,1.168,0.348,0.064,0.0418,3.2,2,-1.0
0,C7.1c,SingularTrajectory,0,2026-05-25 14:58:20,1,,54.6,0.378,-1,0.301,0.95,2.16,36.54,1.169,0.323,0.0699,0.0733,2.6,2,-1.0
0,C7_g05,SingularTrajectory,0,2026-05-25 15:15:44,1,,54.6,0.433,-1,0.314,0.929,1.74,50.86,1.15,0.293,0.0574,0.0354,3.39,1,-1.0
0,C7_g05,SingularTrajectory,0,2026-05-25 15:49:17,1,,54.19,0.445,-1,0.355,1.009,1.79,47.48,1.165,0.301,0.0568,0.0331,3.2,1,-1.0
0,C7_g05,SingularTrajectory,0,2026-05-25 16:00:21,1,,54.6,0.416,-1,0.325,0.943,2.16,64.53,1.155,0.294,0.0572,0.0346,3.39,1,-1.0
0,C7_g05,SingularTrajectory,0,2026-05-25 16:51:09,1,,54.59,0.432,-1,0.383,0.925,1.82,38.68,1.152,0.264,0.0609,0.0529,2.43,2,-1.0
0,C7_g05,SingularTrajectory,0,2026-05-25 17:02:28,1,,54.39,0.412,-1,0.381,0.95,2.42,54.68,1.159,0.276,0.0573,0.0336,3.2,1,-1.0
0,C7_g05,SingularTrajectory,0,2026-05-25 17:21:07,1,,54.39,0.396,-1,0.353,0.926,1.64,11.77,1.158,0.29,0.057,0.0439,3.19,1,-1.0
0,C7_g05,SingularTrajectory,0,2026-05-26 14:05:32,1,,52.4,0.842,-1,0.102,0.504,2.48,64.1,1.167,0.223,0.0577,0.0444,1.8,1,-1.0
0,C7_4a,SingularTrajectory,0,2026-05-26 14:35:08,1,,54.2,0.403,-1,0.375,0.965,1.86,12.17,1.168,0.28,0.057,0.0401,3.2,1,-1.0
0,C7_4b,SingularTrajectory,0,2026-05-26 15:39:03,1,,58.6,0.655,-1,0.417,1.18,1.95,22.13,1.105,0.341,0.0564,0.0682,5.2,2,-1.0
0,C7_4b,SingularTrajectory,0,2026-05-26 15:55:46,1,,54.39,0.402,-1,0.352,0.86,1.98,31.4,1.161,0.265,0.0568,0.0511,3.19,1,-1.0
0,C7_4c,SingularTrajectory,0,2026-05-26 16:47:22,1,,56.24,0.337,-1,0.282,0.814,2.91,86.92,1.123,0.307,0.064,0.0527,3.39,1,-1.0
0,C7_4d,SingularTrajectory,0,2026-05-26 16:59:43,1,,54.19,0.396,-1,0.374,0.944,2.45,63.5,1.161,0.282,0.0563,0.0412,3.19,1,-1.0
0,C7_5,SingularTrajectory,0,2026-05-26 17:13:53,1,,56.2,0.335,-1,0.212,0.524,2.74,73.78,1.112,0.311,0.0628,0.0715,3.19,1,-1.0
0,C7_5f,SingularTrajectory,0,2026-05-26 17:54:34,1,,54.8,0.367,-1,0.329,0.854,2.66,71.73,1.15,0.328,0.0623,0.0586,3.2,1,-1.0
0,C7_5g,SingularTrajectory,0,2026-05-26 18:14:44,1,,54.8,0.4,-1,0.339,0.855,2.46,64.72,1.141,0.296,0.0594,0.0557,3.2,1,-1.0
0,C7_5h,SingularTrajectory,0,2026-05-26 18:34:14,1,,56.39,0.343,-1,0.274,0.846,2.76,56.17,1.126,0.342,0.0663,0.062,3.21,2,-1.0
0,C7_5i,SingularTrajectory,0,2026-05-27 12:44:44,1,,55.19,0.401,-1,0.286,0.749,2.69,102.44,1.136,0.291,0.0592,0.0488,3.2,1,-1.0
0,C7_5i,SingularTrajectory,0,2026-05-27 12:48:04,1,,55.65,0.402,-1,0.281,0.745,2.85,67.16,1.116,0.3,0.0595,0.0383,3.59,1,-1.0
0,C7_5i,SingularTrajectory,0,2026-05-27 12:49:25,1,,55.2,0.396,-1,0.289,0.761,2.1,52.58,1.134,0.288,0.0594,0.0528,3.19,1,-1.0
0,C7_5j,SingularTrajectory,0,2026-05-27 14:42:30,1,,55.47,0.391,-1,0.268,0.677,2.81,78.53,1.121,0.287,0.0651,0.0548,2.82,2,-1.0
0,C7_5j,SingularTrajectory,0,2026-05-27 14:45:29,1,,54.6,0.455,-1,0.287,0.688,2.51,67.74,1.138,0.293,0.0584,0.0493,2.2,1,-1.0
0,C7_5j,SingularTrajectory,0,2026-05-27 14:46:55,1,,55.66,0.385,-1,0.266,0.676,4.09,102.03,1.115,0.297,0.0637,0.0591,3.4,1,-1.0
0,C7_5j,SingularTrajectory,0,2026-05-27 14:48:29,1,,55.66,0.395,-1,0.267,0.68,3.33,71.74,1.119,0.293,0.0592,0.048,3.4,1,-1.0
1,C7_5j,SingularTrajectory,0,2026-05-27 15:29:40,0,timeout,120.0,2.2,-1,1.018,1.028,7.19,80.9,0.0,0.735,0.003,0.1162,119.8,0,-1.0
0,C7_5j_gap4,SingularTrajectory,0,2026-05-27 15:39:30,1,,69.47,0.347,-1,0.303,0.765,3.7,74.24,0.917,0.253,0.0579,0.0908,18.16,4,39.0
0,C7_5j_gap2,SingularTrajectory,0,2026-05-27 15:42:11,1,,61.19,0.41,-1,0.263,0.586,2.4,55.92,1.029,0.257,0.0537,0.0289,3.39,1,-1.0
0,C7_5j,SingularTrajectory,0,2026-05-27 15:44:54,1,,55.59,0.459,-1,0.301,0.66,2.96,71.3,1.114,0.324,0.0589,0.0439,1.81,1,-1.0
0,C7_5j_gap2,SingularTrajectory,0,2026-05-27 16:39:58,1,,62.54,0.431,-1,0.261,0.621,3.36,65.23,1.001,0.271,0.0546,0.0332,2.96,1,-1.0
0,C7_5j,SingularTrajectory,0,2026-05-27 16:41:40,1,,55.66,0.398,-1,0.264,0.672,3.27,72.09,1.121,0.293,0.0588,0.0403,3.39,1,-1.0
0,C7_5k,SingularTrajectory,0,2026-05-27 16:58:37,1,,55.46,0.389,-1,0.265,0.659,3.13,69.1,1.125,0.291,0.061,0.0534,3.2,1,-1.0
0,C7_5k,SingularTrajectory,0,2026-05-27 17:02:11,1,,55.86,0.442,-1,0.27,0.671,3.16,71.46,1.123,0.3,0.059,0.0436,3.4,1,-1.0
0,C7_5k_gap2,SingularTrajectory,0,2026-05-27 17:25:24,1,,59.6,0.4,-1,0.27,0.665,2.83,63.89,1.051,0.267,0.0542,0.047,4.0,2,21.8
